Company,Date,Open,High,Low,Close,Volume
1JANATAMF,17/01/1930,6.8,6.8,6.35,6.53,1412536
1JANATAMF,18/01/1930,6.4,6.5,6.4,6.5,234158
1JANATAMF,16/03/1930,2.7,2.79,2.7,2.79,271356
1JANATAMF,17/03/1930,6.16,6.25,6.16,6.25,670890
1JANATAMF,17/04/1930,6.35,6.35,6.25,6.25,305771
1JANATAMF,18/04/1930,6.4,6.4,6.3,6.4,294311
1JANATAMF,16/05/1930,2.96,2.96,2.87,2.87,20960
1JANATAMF,17/05/1930,6.62,6.8,6.53,6.53,3033807
1JANATAMF,18/05/1930,6.1,6.2,6.1,6.2,79965
1JANATAMF,16/06/1930,3.13,3.22,3.05,3.22,968238
1JANATAMF,17/07/1930,6.53,6.53,6.44,6.44,579923
1JANATAMF,18/07/1930,6.1,6.2,6,6.2,1036350
1JANATAMF,16/08/1930,2.96,3.05,2.87,2.96,855831
1JANATAMF,17/08/1930,6.44,6.44,6.35,6.44,443519
1JANATAMF,18/08/1930,6.1,6.2,6.1,6.2,71503
1JANATAMF,18/09/1930,4.5,4.6,4.4,4.5,84612
1JANATAMF,16/10/1930,3.35,3.35,3.25,3.25,355280
1JANATAMF,17/10/1930,6.6,6.7,6.5,6.5,71012
1JANATAMF,18/10/1930,4.4,4.5,4.3,4.4,38819
1JANATAMF,16/11/1930,4.53,4.62,4.44,4.53,1088604
1JANATAMF,17/11/1930,6.5,6.5,6.4,6.4,67317
1JANATAMF,16/01/1931,2.79,2.79,2.7,2.79,71747
1JANATAMF,17/01/1931,6.53,6.89,6.44,6.71,1574880
1JANATAMF,18/01/1931,6.4,6.4,6.4,6.4,56133
1JANATAMF,16/03/1931,2.7,2.79,2.7,2.79,317697
1JANATAMF,16/05/1931,2.87,2.96,2.87,2.87,52580
1JANATAMF,17/05/1931,6.53,6.8,6.53,6.53,1970584
1JANATAMF,18/05/1931,6.1,6.2,6.1,6.2,182964
1JANATAMF,16/07/1931,3.22,3.31,3.22,3.22,150379
1JANATAMF,17/07/1931,6.44,6.53,6.35,6.44,689571
1JANATAMF,18/07/1931,6.1,6.2,6.1,6.2,192245
1JANATAMF,16/08/1931,2.96,3.05,2.87,2.96,1836240
1JANATAMF,17/08/1931,6.44,6.71,6.35,6.62,856713
1JANATAMF,16/10/1931,3.25,3.35,3.25,3.25,51557
1JANATAMF,17/10/1931,6.6,6.6,6.5,6.5,131082
1JANATAMF,18/10/1931,4.4,4.5,4.3,4.3,86115
1JANATAMF,17/01/2001,5.25,5.53,5.16,5.53,4125771
1JANATAMF,17/01/2001,5.25,5.53,5.16,5.53,4125771
1JANATAMF,18/01/2001,6.5,6.6,6.4,6.6,57605
1JANATAMF,18/01/2001,6.5,6.6,6.4,6.6,57605
1JANATAMF,16/02/2001,2.7,2.79,2.7,2.7,152693
1JANATAMF,17/02/2001,6.62,6.89,6.53,6.62,1295920
1JANATAMF,18/02/2001,6.4,6.5,6.3,6.5,296048
1JANATAMF,16/03/2001,2.79,2.79,2.7,2.79,81105
1JANATAMF,17/03/2001,6.16,6.16,6.07,6.16,300933
1JANATAMF,18/03/2001,6.1,6.2,6.1,6.1,143882
1JANATAMF,18/04/2001,6.1,6.3,6.1,6.2,264768
1JANATAMF,16/06/2001,2.87,3.05,2.87,2.96,195151
1JANATAMF,17/06/2001,6.53,6.71,6.53,6.53,1178801
1JANATAMF,16/08/2001,3.22,3.39,3.22,3.39,794132
1JANATAMF,17/08/2001,6.44,6.62,6.44,6.62,891733
1JANATAMF,18/08/2001,6.2,6.3,6.2,6.2,284393
1JANATAMF,16/09/2001,2.96,2.96,2.87,2.87,218878
1JANATAMF,18/10/2001,4.5,4.7,4.5,4.6,144519
1JANATAMF,16/11/2001,3.25,3.35,3.25,3.25,43502
1JANATAMF,17/11/2001,6.5,6.7,6.5,6.6,79023
1JANATAMF,18/11/2001,4.4,4.5,4.3,4.4,7061
1JANATAMF,16/12/2001,4.44,4.53,4.44,4.44,496401
1JANATAMF,17/01/2002,5.53,5.53,5.35,5.35,1825624
1JANATAMF,18/01/2002,6.6,6.6,6.5,6.5,522735
1JANATAMF,16/02/2002,2.79,2.79,2.7,2.79,179129
1JANATAMF,17/02/2002,6.53,6.53,6.25,6.35,969045
1JANATAMF,16/03/2002,2.7,2.79,2.61,2.79,780035
1JANATAMF,17/03/2002,6.07,6.16,6.07,6.07,545189
1JANATAMF,17/04/2002,6.16,6.25,6.07,6.07,679074
1JANATAMF,18/04/2002,6.2,6.3,6.1,6.2,195492
1JANATAMF,16/05/2002,2.79,2.79,2.7,2.79,83725
1JANATAMF,17/05/2002,6.25,6.44,6.25,6.35,435004
1JANATAMF,16/06/2002,2.87,2.96,2.87,2.96,158916
1JANATAMF,17/07/2002,6.53,6.62,6.53,6.62,482687
1JANATAMF,18/07/2002,6.1,6.2,6.1,6.2,135940
1JANATAMF,16/08/2002,3.31,3.39,3.31,3.31,266372
1JANATAMF,17/08/2002,6.62,6.71,6.53,6.71,2863233
1JANATAMF,18/08/2002,6.1,6.4,6.1,6.4,267715
1JANATAMF,16/10/2002,3.35,3.44,3.35,3.35,92639
1JANATAMF,17/10/2002,7,7,6.9,7,436075
1JANATAMF,18/10/2002,4.5,4.9,4.5,4.7,69490
1JANATAMF,16/11/2002,3.25,3.44,3.25,3.35,653513
1JANATAMF,17/11/2002,6.6,6.7,6.6,6.6,89715
1JANATAMF,16/01/2003,2.61,2.61,2.53,2.61,131228
1JANATAMF,17/01/2003,5.44,5.44,5.16,5.16,3064811
1JANATAMF,18/01/2003,6.5,6.6,6.5,6.6,272489
1JANATAMF,16/02/2003,2.7,2.79,2.7,2.79,81364
1JANATAMF,16/03/2003,2.7,2.79,2.7,2.7,50879
1JANATAMF,16/04/2003,2.7,2.79,2.7,2.79,200023
1JANATAMF,17/04/2003,6.07,6.16,6.07,6.07,533370
1JANATAMF,18/04/2003,6.2,6.4,6.2,6.4,399225
1JANATAMF,16/05/2003,2.79,2.87,2.7,2.79,25336
1JANATAMF,17/05/2003,6.35,6.35,6.25,6.25,218342
1JANATAMF,18/05/2003,6.3,6.4,6.3,6.4,292363
1JANATAMF,18/06/2003,6.1,6.1,6.1,6.1,15189
1JANATAMF,17/07/2003,6.53,6.62,6.53,6.53,428352
1JANATAMF,18/07/2003,6.1,6.2,6.1,6.1,55395
1JANATAMF,16/08/2003,3.31,3.39,3.31,3.31,79801
1JANATAMF,17/08/2003,6.71,6.98,6.62,6.89,2944306
1JANATAMF,18/09/2003,6.2,6.2,6.1,6.1,22898
1JANATAMF,16/10/2003,3.35,3.44,3.25,3.25,221558
1JANATAMF,17/10/2003,7,7,6.9,6.9,1844361
1JANATAMF,18/10/2003,4.7,4.8,4.6,4.8,29449
1JANATAMF,16/11/2003,3.35,3.53,3.35,3.35,578686
1JANATAMF,17/12/2003,6.4,6.5,6.4,6.5,40866
1JANATAMF,16/01/2004,2.61,2.61,2.53,2.61,31377
1JANATAMF,17/01/2004,5.16,5.25,4.98,5.07,1908276
1JANATAMF,18/01/2004,6.6,6.6,6.5,6.5,9418
1JANATAMF,16/02/2004,2.79,2.87,2.7,2.79,400047
1JANATAMF,18/02/2004,6.4,6.5,6.3,6.3,129309
1JANATAMF,18/03/2004,6.1,6.2,6.1,6.2,21358
1JANATAMF,16/04/2004,2.79,2.96,2.79,2.87,455942
1JANATAMF,17/04/2004,6.16,6.25,6.07,6.16,307200
1JANATAMF,18/04/2004,6.3,6.3,6.2,6.2,182173
1JANATAMF,16/05/2004,2.79,2.96,2.79,2.87,135611
1JANATAMF,17/05/2004,6.25,6.35,6.16,6.25,430465
1JANATAMF,17/06/2004,6.53,6.53,6.44,6.44,316732
1JANATAMF,18/06/2004,6.1,6.2,6.1,6.2,105599
1JANATAMF,17/07/2004,6.62,6.62,6.53,6.53,662641
1JANATAMF,18/07/2004,6.1,6.2,6.1,6.1,123610
1JANATAMF,16/08/2004,3.31,3.48,3.31,3.48,515353
1JANATAMF,16/09/2004,2.96,2.96,2.87,2.87,120767
1JANATAMF,17/09/2004,6.53,6.62,6.53,6.62,281496
1JANATAMF,18/09/2004,6.1,6.1,6,6.1,14971
1JANATAMF,16/10/2004,3.25,3.35,3.25,3.35,476653
1JANATAMF,17/10/2004,6.9,7,6.9,7,591646
1JANATAMF,18/10/2004,4.7,4.8,4.7,4.7,50702
1JANATAMF,18/11/2004,4.4,4.4,4.3,4.4,27844
1JANATAMF,16/12/2004,4.44,4.53,4.44,4.44,200269
1JANATAMF,17/12/2004,6.4,6.5,6.4,6.5,383687
1JANATAMF,16/01/2005,2.61,2.61,2.53,2.61,862240
1JANATAMF,17/01/2005,5.16,5.25,5.07,5.16,1825610
1JANATAMF,17/02/2005,6.25,6.25,5.8,5.89,1470800
1JANATAMF,18/02/2005,6.2,6.3,6.1,6.2,110709
1JANATAMF,17/03/2005,6.07,6.07,5.98,5.98,297613
1JANATAMF,18/03/2005,6.1,6.2,6.1,6.2,97157
1JANATAMF,16/04/2005,2.87,2.96,2.79,2.87,212240
1JANATAMF,17/04/2005,6.16,6.35,6.16,6.35,1280885
1JANATAMF,18/04/2005,6.2,6.4,6.2,6.3,126763
1JANATAMF,16/05/2005,2.79,2.87,2.79,2.87,68038
1JANATAMF,16/06/2005,2.87,2.96,2.87,2.87,194821
1JANATAMF,17/06/2005,6.53,6.53,6.44,6.44,724452
1JANATAMF,18/06/2005,6.2,6.2,6.1,6.1,33550
1JANATAMF,17/07/2005,6.53,6.62,6.53,6.53,238786
1JANATAMF,18/07/2005,6.1,6.2,6,6.2,608663
1JANATAMF,18/08/2005,6.3,6.3,6.2,6.2,12351
1JANATAMF,16/09/2005,2.87,2.96,2.79,2.79,325096
1JANATAMF,17/09/2005,7.5,7.5,7.5,7.5,0
1JANATAMF,18/09/2005,6,6.1,5.9,6,302856
1JANATAMF,16/10/2005,3.35,3.44,3.35,3.44,663344
1JANATAMF,17/10/2005,7,7,6.8,6.9,1726007
1JANATAMF,17/11/2005,6.6,6.7,6.6,6.6,120650
1JANATAMF,18/11/2005,4.3,4.5,4.3,4.4,7139
1JANATAMF,16/12/2005,4.44,4.53,4.35,4.44,357561
1JANATAMF,17/12/2005,6.5,6.7,6.5,6.6,292567
1JANATAMF,16/01/2006,2.61,2.7,2.61,2.7,142505
1JANATAMF,17/02/2006,5.98,6.16,5.8,5.98,1242858
1JANATAMF,18/02/2006,6.1,6.4,6.1,6.4,260465
1JANATAMF,16/03/2006,2.7,2.7,2.7,2.7,87398
1JANATAMF,17/03/2006,6.07,6.07,5.89,5.89,999692
1JANATAMF,18/03/2006,6.1,6.2,6.1,6.2,92810
1JANATAMF,16/04/2006,2.87,2.96,2.79,2.96,411723
1JANATAMF,17/04/2006,6.44,6.53,6.35,6.44,1727164
1JANATAMF,18/05/2006,6.3,6.4,6.3,6.3,414241
1JANATAMF,16/06/2006,2.87,2.96,2.87,2.96,67595
1JANATAMF,17/06/2006,6.53,6.62,6.44,6.62,1246972
1JANATAMF,18/06/2006,6.1,6.2,6.1,6.1,52508
1JANATAMF,17/07/2006,6.62,6.62,6.53,6.53,564760
1JANATAMF,17/08/2006,6.89,7.16,6.89,6.98,3285944
1JANATAMF,18/08/2006,6.3,6.3,6.2,6.3,241819
1JANATAMF,16/09/2006,4.5,4.5,4.5,4.5,0
1JANATAMF,17/09/2006,7.3,7.3,6.7,7.1,1518048
1JANATAMF,18/09/2006,6,6.1,5.9,6,120332
1JANATAMF,16/10/2006,3.44,3.44,3.35,3.35,182291
1JANATAMF,16/11/2006,3.44,3.44,3.35,3.44,667148
1JANATAMF,17/11/2006,6.6,6.7,6.5,6.6,158519
1JANATAMF,18/11/2006,4.4,4.4,4.3,4.4,107310
1JANATAMF,16/12/2006,4.44,4.53,4.35,4.44,162727
1JANATAMF,17/12/2006,6.6,6.7,6.5,6.7,393737
1JANATAMF,16/01/2007,2.61,2.7,2.61,2.61,246113
1JANATAMF,18/01/2007,6.5,6.6,6.5,6.5,31584
1JANATAMF,16/02/2007,2.79,2.87,2.7,2.79,165509
1JANATAMF,17/02/2007,5.89,5.98,5.71,5.89,747283
1JANATAMF,18/02/2007,6.3,6.4,6.2,6.3,31387
1JANATAMF,16/03/2007,2.7,2.79,2.7,2.79,322664
1JANATAMF,17/03/2007,5.89,6.07,5.8,5.89,1207559
1JANATAMF,18/03/2007,6.2,6.3,6.1,6.2,65153
1JANATAMF,16/04/2007,2.87,2.96,2.87,2.87,41811
1JANATAMF,17/05/2007,6.25,6.25,6.16,6.16,333045
1JANATAMF,18/05/2007,6.3,6.4,6.3,6.4,778618
1JANATAMF,16/06/2007,2.87,2.96,2.87,2.96,21391
1JANATAMF,17/06/2007,6.62,6.62,6.44,6.44,236682
1JANATAMF,18/06/2007,6.2,6.3,6.1,6.2,163456
1JANATAMF,16/08/2007,3.39,3.39,3.31,3.31,152529
1JANATAMF,17/08/2007,6.98,7.07,6.8,6.98,2265198
1JANATAMF,18/08/2007,6.2,6.3,6.2,6.2,62412
1JANATAMF,16/09/2007,2.89,2.98,2.8,2.89,520098
1JANATAMF,17/09/2007,7.1,7.1,6.9,7,740274
1JANATAMF,18/10/2007,4.7,4.7,4.6,4.7,113882
1JANATAMF,16/11/2007,3.44,3.44,3.35,3.44,383995
1JANATAMF,17/11/2007,6.6,6.6,6.5,6.5,473782
1JANATAMF,18/11/2007,4.3,4.4,4.3,4.4,29909
1JANATAMF,16/12/2007,4.44,4.44,4.44,4.44,229694
1JANATAMF,17/12/2007,6.7,6.7,6.6,6.6,333489
1JANATAMF,17/01/2008,5.16,5.35,5.16,5.16,1644664
1JANATAMF,18/01/2008,6.5,6.6,6.5,6.6,486384
1JANATAMF,16/02/2008,2.79,2.79,2.7,2.79,110904
1JANATAMF,17/02/2008,5.98,6.44,5.98,6.44,2166490
1JANATAMF,18/02/2008,6.3,6.4,6.3,6.4,81151
1JANATAMF,16/03/2008,2.7,2.79,2.7,2.79,64285
1JANATAMF,17/03/2008,5.98,6.07,5.89,6.07,857182
1JANATAMF,18/03/2008,6.2,6.3,6.1,6.1,10054
1JANATAMF,18/04/2008,6.3,6.3,6.2,6.3,138200
1JANATAMF,16/05/2008,2.87,2.87,2.79,2.79,66048
1JANATAMF,17/05/2008,6.16,6.35,6.16,6.25,309967
1JANATAMF,18/05/2008,6.4,6.5,6.4,6.5,564025
1JANATAMF,16/06/2008,2.87,2.96,2.87,2.96,116340
1JANATAMF,17/06/2008,6.53,6.53,6.44,6.53,232627
1JANATAMF,18/07/2008,6.2,6.2,6.1,6.1,16719
1JANATAMF,16/08/2008,3.48,3.48,3.22,3.31,793127
1JANATAMF,17/08/2008,6.89,6.98,6.71,6.71,903514
1JANATAMF,18/08/2008,6.2,6.3,6.2,6.2,52060
1JANATAMF,16/09/2008,2.89,2.98,2.89,2.89,98132
1JANATAMF,17/10/2008,6.9,6.9,6.7,6.8,1095770
1JANATAMF,18/10/2008,4.7,4.7,4.5,4.6,135068
1JANATAMF,16/11/2008,3.44,3.44,3.35,3.44,302642
1JANATAMF,17/11/2008,6.5,6.6,6.5,6.6,210861
1JANATAMF,16/12/2008,4.44,4.53,4.44,4.44,461579
1JANATAMF,17/01/2009,5.16,5.25,5.07,5.25,1060166
1JANATAMF,18/01/2009,6.5,6.6,6.5,6.5,64634
1JANATAMF,16/02/2009,2.7,2.79,2.7,2.79,56374
1JANATAMF,17/02/2009,6.71,6.71,6.25,6.44,1158739
1JANATAMF,16/03/2009,2.7,2.79,2.7,2.79,75892
1JANATAMF,17/03/2009,6.07,6.16,5.98,6.07,781592
1JANATAMF,17/04/2009,6.44,6.62,6.35,6.53,2138263
1JANATAMF,18/04/2009,6.3,6.3,6.2,6.3,79831
1JANATAMF,16/05/2009,2.79,2.79,2.79,2.79,150661
1JANATAMF,17/05/2009,6.16,6.25,6.16,6.25,227013
1JANATAMF,18/05/2009,6.4,6.5,6.3,6.4,155037
1JANATAMF,16/06/2009,2.96,3.05,2.87,2.96,269384
1JANATAMF,17/07/2009,6.53,6.62,6.53,6.62,512224
1JANATAMF,18/07/2009,6.1,6.3,6.1,6.3,488671
1JANATAMF,16/08/2009,3.31,3.39,3.22,3.39,579072
1JANATAMF,17/08/2009,6.8,6.8,6.53,6.62,539732
1JANATAMF,18/08/2009,6.3,6.4,6.2,6.2,213810
1JANATAMF,18/09/2009,5.9,6,5.9,6,35963
1JANATAMF,16/10/2009,3.35,3.35,3.25,3.35,201948
1JANATAMF,17/10/2009,6.8,6.9,6.7,6.8,569893
1JANATAMF,18/10/2009,4.6,4.7,4.5,4.5,62326
1JANATAMF,16/11/2009,3.44,3.44,3.35,3.35,219320
1JANATAMF,17/11/2009,6.6,6.7,6.5,6.6,234307
1JANATAMF,16/01/2010,2.61,2.7,2.61,2.61,132958
1JANATAMF,17/01/2010,5.25,5.44,5.25,5.25,2159740
1JANATAMF,18/01/2010,6.5,6.6,6.5,6.6,339808
1JANATAMF,16/02/2010,2.7,2.87,2.7,2.79,140073
1JANATAMF,16/03/2010,2.7,2.79,2.7,2.79,219136
1JANATAMF,16/04/2010,2.79,2.87,2.79,2.87,117845
1JANATAMF,17/04/2010,6.62,6.71,6.53,6.62,1948624
1JANATAMF,18/04/2010,6.2,6.3,6.2,6.2,211057
1JANATAMF,16/05/2010,2.79,2.87,2.7,2.87,212005
1JANATAMF,18/05/2010,6.3,6.4,6.3,6.3,90737
1JANATAMF,18/06/2010,6.1,6.2,6.1,6.1,60204
1JANATAMF,16/07/2010,3.13,3.13,3.05,3.13,491112
1JANATAMF,17/07/2010,6.53,6.8,6.53,6.71,1106877
1JANATAMF,18/07/2010,6.2,6.3,6.2,6.3,309080
1JANATAMF,16/08/2010,3.39,3.48,3.31,3.39,930036
1JANATAMF,17/08/2010,6.62,6.8,6.44,6.62,2883705
1JANATAMF,17/09/2010,7,7.1,6.8,7,902837
1JANATAMF,18/09/2010,5.9,6,5.9,5.9,99497
1JANATAMF,16/10/2010,3.25,3.35,3.25,3.35,416428
1JANATAMF,17/10/2010,6.8,6.9,6.7,6.7,706426
1JANATAMF,18/10/2010,4.5,4.6,4.5,4.6,13274
1JANATAMF,16/11/2010,3.35,3.44,3.35,3.44,88893
1JANATAMF,17/12/2010,6.6,6.7,6.5,6.6,75537
1JANATAMF,16/01/2011,2.61,2.7,2.61,2.61,540585
1JANATAMF,17/01/2011,5.35,5.62,5.35,5.53,3447154
1JANATAMF,18/01/2011,6.5,6.6,6.5,6.6,511165
1JANATAMF,16/02/2011,2.79,2.79,2.7,2.7,411130
1JANATAMF,18/02/2011,6.3,6.5,6.3,6.4,27267
1JANATAMF,18/03/2011,6.1,6.1,6,6.1,54156
1JANATAMF,16/04/2011,2.79,2.87,2.79,2.79,51019
1JANATAMF,17/04/2011,6.53,6.62,6.44,6.44,656172
1JANATAMF,18/04/2011,6.3,6.3,6.3,6.3,67612
1JANATAMF,16/05/2011,2.87,2.87,2.79,2.79,229488
1JANATAMF,17/05/2011,6.25,6.25,6.16,6.16,295954
1JANATAMF,17/06/2011,6.53,6.53,6.44,6.44,211324
1JANATAMF,18/06/2011,6.1,6.2,6.1,6.2,190193
1JANATAMF,16/07/2011,3.13,3.48,3.05,3.48,2087432
1JANATAMF,17/07/2011,6.71,6.89,6.62,6.62,2251010
1JANATAMF,18/07/2011,6.2,6.4,6.2,6.3,379156
1JANATAMF,16/08/2011,3.39,3.48,3.31,3.48,459387
1JANATAMF,17/09/2011,7,7.1,6.8,7,984178
1JANATAMF,18/09/2011,5.8,6,5.7,5.9,98009
1JANATAMF,17/10/2011,6.7,6.8,6.7,6.7,382681
1JANATAMF,18/10/2011,4.5,4.6,4.5,4.5,33676
1JANATAMF,16/12/2011,4.44,4.53,4.44,4.44,546866
1JANATAMF,17/12/2011,6.6,6.6,6.5,6.5,41203
1JANATAMF,16/01/2012,2.7,2.79,2.61,2.7,490675
1JANATAMF,17/01/2012,5.62,6.07,5.53,5.98,7724745
1JANATAMF,17/02/2012,6.44,6.62,6.35,6.44,433650
1JANATAMF,18/02/2012,6.3,6.4,6.2,6.3,321735
1JANATAMF,17/03/2012,6.07,6.16,5.98,6.07,1548443
1JANATAMF,18/03/2012,6,6.1,6,6,115547
1JANATAMF,16/04/2012,2.79,2.87,2.79,2.79,129494
1JANATAMF,17/04/2012,6.44,6.53,6.35,6.44,827742
1JANATAMF,18/04/2012,6.3,6.3,6.2,6.3,57933
1JANATAMF,16/05/2012,2.87,2.87,2.79,2.79,309985
1JANATAMF,16/06/2012,2.96,3.05,2.96,2.96,37216
1JANATAMF,17/06/2012,6.44,6.62,6.44,6.53,408768
1JANATAMF,18/06/2012,6.1,6.2,6.1,6.2,40328
1JANATAMF,16/07/2012,3.39,3.83,3.39,3.74,2685357
1JANATAMF,17/07/2012,6.71,6.71,6.53,6.62,929616
1JANATAMF,18/07/2012,6.2,6.3,6.2,6.2,52848
1JANATAMF,18/08/2012,6.2,6.2,6.2,6.2,43420
1JANATAMF,17/09/2012,7,7,6.9,6.9,869706
1JANATAMF,18/09/2012,5.9,6,5.9,6,122326
1JANATAMF,17/10/2012,6.8,6.8,6.7,6.7,139684
1JANATAMF,17/11/2012,6.6,6.6,6.5,6.6,205547
1JANATAMF,16/12/2012,4.44,4.44,4.35,4.35,192443
1JANATAMF,17/12/2012,6.5,6.6,6.5,6.5,40982
1JANATAMF,16/01/2013,2.7,2.79,2.61,2.7,233067
1JANATAMF,17/02/2013,6.44,6.44,6.25,6.35,542207
1JANATAMF,18/02/2013,6.3,6.3,6.2,6.3,73653
1JANATAMF,16/03/2013,2.7,2.79,2.7,2.7,208739
1JANATAMF,17/03/2013,6.07,6.35,6.07,6.25,1964215
1JANATAMF,18/03/2013,6,6.1,6,6.1,156630
1JANATAMF,16/04/2013,2.79,2.87,2.79,2.87,155158
1JANATAMF,17/04/2013,6.44,6.53,6.35,6.44,661383
1JANATAMF,18/05/2013,6.3,6.3,6.3,6.3,38506
1JANATAMF,16/06/2013,3.05,3.13,2.96,3.05,477279
1JANATAMF,17/06/2013,6.53,6.53,6.44,6.53,299025
1JANATAMF,16/07/2013,3.57,3.65,3.39,3.57,1050289
1JANATAMF,17/07/2013,6.62,6.62,6.53,6.53,531649
1JANATAMF,17/08/2013,6.62,6.71,6.44,6.53,966547
1JANATAMF,18/08/2013,6.1,6.2,6.1,6.1,227739
1JANATAMF,17/09/2013,6.9,7,6.9,6.9,468118
1JANATAMF,16/10/2013,3.25,3.35,3.25,3.25,80730
1JANATAMF,16/11/2013,3.44,3.44,3.35,3.35,227094
1JANATAMF,17/11/2013,6.6,6.6,6.5,6.5,136713
1JANATAMF,17/12/2013,6.5,6.6,6.5,6.6,184901
1JANATAMF,16/01/2014,2.7,2.79,2.7,2.7,297467
1JANATAMF,18/01/2014,6.5,6.6,6.4,6.5,118897
1JANATAMF,16/02/2014,2.7,2.79,2.7,2.79,38915
1JANATAMF,17/02/2014,6.25,6.53,6.25,6.44,651991
1JANATAMF,18/02/2014,6.3,6.3,6.2,6.2,156457
1JANATAMF,16/03/2014,2.7,2.79,2.7,2.79,68780
1JANATAMF,17/03/2014,6.25,6.44,6.25,6.35,1412667
1JANATAMF,18/03/2014,6,6.1,5.9,5.9,266261
1JANATAMF,17/05/2014,6.16,6.25,6.16,6.16,115444
1JANATAMF,18/05/2014,6.3,6.4,6.3,6.3,208819
1JANATAMF,16/06/2014,3.05,3.05,2.96,3.05,278096
1JANATAMF,17/06/2014,6.53,6.53,6.44,6.44,105949
1JANATAMF,16/07/2014,3.65,3.83,3.65,3.74,1642247
1JANATAMF,16/08/2014,3.48,3.48,3.31,3.31,301594
1JANATAMF,18/08/2014,6.1,6.3,6.1,6.2,94616
1JANATAMF,17/09/2014,6.9,7.1,6.9,7,496348
1JANATAMF,18/10/2014,4.5,4.6,4.5,4.5,128014
1JANATAMF,16/11/2014,3.35,3.44,3.35,3.35,241689
1JANATAMF,17/11/2014,6.5,6.6,6.5,6.5,90210
1JANATAMF,16/12/2014,4.44,4.53,4.35,4.44,135458
1JANATAMF,17/12/2014,6.6,6.6,6.5,6.6,90597
1JANATAMF,17/01/2015,5.98,6.53,5.98,6.53,8272009
1JANATAMF,18/01/2015,6.5,6.5,6.4,6.5,116162
1JANATAMF,16/02/2015,2.79,2.79,2.7,2.79,96029
1JANATAMF,17/02/2015,6.44,6.53,6.25,6.35,709784
1JANATAMF,18/02/2015,6.3,6.4,6.2,6.2,120033
1JANATAMF,16/03/2015,2.7,2.7,2.7,2.7,63653
1JANATAMF,17/03/2015,6.44,6.62,6.35,6.35,2110116
1JANATAMF,18/03/2015,5.9,6.2,5.9,6.2,214085
1JANATAMF,18/04/2015,6.3,6.3,6.1,6.2,285507
1JANATAMF,16/05/2015,2.79,2.87,2.79,2.79,37574
1JANATAMF,17/05/2015,6.16,6.25,6.07,6.07,138670
1JANATAMF,18/05/2015,6.2,6.3,6.2,6.2,253432
1JANATAMF,16/06/2015,2.96,3.13,2.96,3.05,416295
1JANATAMF,17/06/2015,6.44,6.53,6.44,6.53,254839
1JANATAMF,18/07/2015,6.2,6.2,6.1,6.1,101193
1JANATAMF,17/10/2015,6.7,6.8,6.7,6.7,281932
1JANATAMF,18/10/2015,4.5,4.6,4.5,4.5,94848
1JANATAMF,16/11/2015,3.35,3.44,3.35,3.44,108365
1JANATAMF,17/11/2015,6.5,6.6,6.4,6.5,227070
1JANATAMF,16/12/2015,4.44,4.53,4.35,4.53,370143
1JANATAMF,17/01/2016,6.53,6.89,6.35,6.53,11104413
1JANATAMF,18/01/2016,6.4,6.6,6.4,6.6,459910
1JANATAMF,16/02/2016,2.7,2.7,2.7,2.7,23494
1JANATAMF,17/02/2016,6.35,6.44,6.16,6.25,2083040
1JANATAMF,16/03/2016,2.7,2.79,2.7,2.7,522982
1JANATAMF,17/03/2016,6.44,6.44,6.25,6.25,964900
1JANATAMF,17/04/2016,6.44,6.44,6.35,6.35,259969
1JANATAMF,18/04/2016,6.2,6.2,6.1,6.1,117484
1JANATAMF,16/05/2016,2.79,2.87,2.79,2.87,54717
1JANATAMF,17/05/2016,6.07,6.16,6.07,6.07,66091
1JANATAMF,18/05/2016,6.2,6.3,6.2,6.3,98619
1JANATAMF,16/06/2016,3.05,3.13,3.05,3.13,607657
1JANATAMF,16/07/2016,3.74,3.83,3.65,3.83,1664043
1JANATAMF,17/07/2016,6.53,6.71,6.53,6.53,612028
1JANATAMF,18/07/2016,6.1,6.2,6.1,6.2,147601
1JANATAMF,16/08/2016,3.31,3.31,2.79,3.05,2681276
1JANATAMF,17/08/2016,6.53,6.53,6.44,6.53,1072289
1JANATAMF,18/08/2016,6.2,6.3,6.1,6.2,122741
1JANATAMF,18/09/2016,5.6,5.6,5.2,5.3,159544
1JANATAMF,16/10/2016,3.25,3.44,3.25,3.35,394217
1JANATAMF,17/10/2016,6.7,6.7,6.6,6.6,127325
1JANATAMF,18/10/2016,4.5,4.5,4.4,4.4,80680
1JANATAMF,16/11/2016,3.44,3.44,3.35,3.35,415102
1JANATAMF,17/11/2016,6.6,6.6,6.4,6.5,404549
1JANATAMF,16/01/2017,2.79,2.79,2.7,2.79,517822
1JANATAMF,17/01/2017,6.53,7.16,6.44,7.16,12106938
1JANATAMF,18/01/2017,6.5,6.6,6.5,6.6,169479
1JANATAMF,16/02/2017,2.7,2.79,2.7,2.79,29465
1JANATAMF,16/04/2017,2.87,2.87,2.79,2.79,26642
1JANATAMF,17/04/2017,6.35,6.44,6.35,6.44,213524
1JANATAMF,18/04/2017,6.2,6.3,6.1,6.2,1702275
1JANATAMF,16/05/2017,2.79,2.87,2.79,2.79,183661
1JANATAMF,17/05/2017,6.16,6.25,6.16,6.16,489105
1JANATAMF,18/05/2017,6.2,6.3,6.2,6.2,29813
1JANATAMF,16/07/2017,3.74,3.74,3.48,3.57,1659986
1JANATAMF,17/07/2017,6.53,6.62,6.53,6.53,545629
1JANATAMF,18/07/2017,6.1,6.2,6.1,6.1,216387
1JANATAMF,16/08/2017,3.05,3.05,2.96,2.96,348418
1JANATAMF,17/08/2017,6.53,6.53,6.44,6.53,697608
1JANATAMF,17/09/2017,7,7.1,6.9,7,797859
1JANATAMF,18/09/2017,5.2,5.3,5,5.2,104175
1JANATAMF,16/10/2017,3.35,3.44,3.35,3.35,84774
1JANATAMF,17/10/2017,6.6,6.7,6.5,6.6,390733
1JANATAMF,18/10/2017,4.4,4.5,4.4,4.4,41068
1JANATAMF,16/11/2017,3.35,3.44,3.35,3.35,181870
1JANATAMF,17/12/2017,6.5,6.5,6.4,6.4,452125
1JANATAMF,16/01/2018,2.79,2.96,2.7,2.87,838331
1JANATAMF,17/01/2018,7.16,7.53,6.98,7.07,8231292
1JANATAMF,18/01/2018,6.5,6.6,6.5,6.6,307676
1JANATAMF,16/02/2018,2.7,2.79,2.7,2.79,140351
1JANATAMF,18/02/2018,6.2,6.3,6.2,6.2,179085
1JANATAMF,18/03/2018,6.2,6.3,6.1,6.2,92190
1JANATAMF,16/04/2018,2.79,2.87,2.79,2.79,46623
1JANATAMF,17/04/2018,6.35,6.44,6.25,6.35,616212
1JANATAMF,18/04/2018,6.3,6.3,6.2,6.3,460686
1JANATAMF,16/05/2018,2.79,2.96,2.79,2.87,261606
1JANATAMF,17/05/2018,6.16,6.25,6.16,6.25,504253
1JANATAMF,17/06/2018,6.53,6.53,6.35,6.44,328860
1JANATAMF,18/06/2018,6.1,6.2,6.1,6.1,28919
1JANATAMF,16/07/2018,3.57,3.65,3.48,3.65,548467
1JANATAMF,17/07/2018,6.53,6.62,6.53,6.53,1047675
1JANATAMF,18/07/2018,6.1,6.1,6.1,6.1,15425
1JANATAMF,16/08/2018,2.96,2.96,2.87,2.96,603660
1JANATAMF,16/09/2018,2.98,2.98,2.89,2.89,382439
1JANATAMF,17/09/2018,7,7.1,6.9,7,620133
1JANATAMF,18/09/2018,5.1,5.3,5,5.1,136503
1JANATAMF,16/10/2018,3.35,3.44,3.35,3.35,365148
1JANATAMF,17/10/2018,6.6,6.7,6.6,6.7,258869
1JANATAMF,18/10/2018,4.4,4.5,4.4,4.5,23639
1JANATAMF,16/12/2018,4.44,4.53,4.44,4.44,102900
1JANATAMF,17/12/2018,6.4,6.5,6.4,6.5,21817
1JANATAMF,16/01/2019,2.87,2.96,2.79,2.87,1503533
1JANATAMF,17/01/2019,7.07,7.07,6.8,7.07,3639647
1JANATAMF,17/02/2019,6.35,6.44,6.07,6.16,2120368
1JANATAMF,18/02/2019,6.2,6.3,6.2,6.2,28529
1JANATAMF,17/03/2019,6.25,6.44,6.16,6.16,962297
1JANATAMF,18/03/2019,6.2,6.2,6.1,6.2,285387
1JANATAMF,16/04/2019,2.79,2.87,2.79,2.87,201755
1JANATAMF,17/04/2019,6.35,6.62,6.35,6.53,1286193
1JANATAMF,18/04/2019,6.2,6.3,6.2,6.2,375336
1JANATAMF,16/05/2019,2.79,3.05,2.79,2.96,524266
1JANATAMF,16/06/2019,3.05,3.13,2.96,2.96,366885
1JANATAMF,17/06/2019,6.44,6.53,6.35,6.35,247707
1JANATAMF,18/06/2019,6.1,6.2,6.1,6.1,36056
1JANATAMF,16/07/2019,3.57,3.57,3.48,3.48,410263
1JANATAMF,17/07/2019,6.62,6.71,6.53,6.71,661768
1JANATAMF,18/07/2019,6.1,6.2,6.1,6.2,288043
1JANATAMF,18/08/2019,6.2,6.2,6,6.1,49145
1JANATAMF,16/09/2019,2.89,2.98,2.89,2.98,59308
1JANATAMF,17/09/2019,7,7.1,6.9,6.9,1265726
1JANATAMF,18/09/2019,5,5.1,5,5,6302
1JANATAMF,16/10/2019,3.35,3.44,3.35,3.44,860726
1JANATAMF,17/10/2019,6.7,6.9,6.7,6.8,370016
1JANATAMF,17/11/2019,6.5,6.5,6.4,6.5,247593
1JANATAMF,16/12/2019,4.44,4.53,4.44,4.53,449945
1JANATAMF,17/12/2019,6.5,6.6,6.4,6.4,216529
1JANATAMF,16/01/2020,2.87,2.87,2.79,2.79,752873
1JANATAMF,17/02/2020,6.25,6.25,6.07,6.16,2044745
1JANATAMF,18/02/2020,6.2,6.3,6.2,6.2,46481
1JANATAMF,16/03/2020,2.7,2.79,2.7,2.7,338901
1JANATAMF,17/03/2020,6.25,6.35,6.16,6.16,374375
1JANATAMF,18/03/2020,6.2,6.8,6.2,6.5,664052
1JANATAMF,16/04/2020,2.79,2.87,2.79,2.79,264004
1JANATAMF,17/04/2020,6.53,6.53,6.35,6.35,950639
1JANATAMF,18/05/2020,6.2,6.2,6.1,6.1,35575
1JANATAMF,16/06/2020,2.96,3.05,2.96,2.96,400069
1JANATAMF,17/06/2020,6.44,6.44,6.35,6.44,205396
1JANATAMF,18/06/2020,6.1,6.2,6,6.1,247581
1JANATAMF,16/07/2020,3.48,3.57,3.39,3.48,606276
1JANATAMF,17/07/2020,6.62,6.71,6.53,6.62,384898
1JANATAMF,17/08/2020,6.53,6.53,6.25,6.35,1016092
1JANATAMF,18/08/2020,6.1,6.2,6.1,6.1,9480
1JANATAMF,16/09/2020,2.98,2.98,2.89,2.98,210381
1JANATAMF,17/09/2020,7,7,6.9,7,444955
1JANATAMF,18/09/2020,5,5.1,5,5,58935
1JANATAMF,16/10/2020,3.35,3.44,3.35,3.44,149051
1JANATAMF,16/11/2020,3.44,3.44,3.35,3.44,417450
1JANATAMF,17/11/2020,6.5,6.5,6.4,6.4,203081
1JANATAMF,16/12/2020,4.53,4.53,4.44,4.44,385631
1JANATAMF,17/12/2020,6.4,6.5,6.4,6.4,45885
1JANATAMF,16/01/2021,2.79,2.79,2.7,2.79,684847
1JANATAMF,18/01/2021,6.6,6.6,6.5,6.6,81432
1JANATAMF,16/03/2021,2.7,2.79,2.61,2.7,444557
1JANATAMF,17/03/2021,6.16,6.44,6.16,6.25,1246742
1JANATAMF,18/03/2021,6.5,6.5,6.2,6.3,115502
1JANATAMF,16/04/2021,2.79,2.87,2.79,2.87,142892
1JANATAMF,17/05/2021,6.16,6.16,6.07,6.07,724931
1JANATAMF,18/05/2021,6.1,6.2,6.1,6.1,15762
1JANATAMF,16/06/2021,2.96,3.05,2.87,2.96,158053
1JANATAMF,17/06/2021,6.53,6.53,6.35,6.44,398456
1JANATAMF,18/06/2021,6.1,6.1,6,6.1,506217
1JANATAMF,16/07/2021,3.39,3.48,3.39,3.39,194879
1JANATAMF,16/08/2021,2.87,2.96,2.87,2.96,201109
1JANATAMF,17/08/2021,6.35,6.53,6.35,6.53,1735957
1JANATAMF,16/09/2021,2.98,3.07,2.98,3.07,714827
1JANATAMF,17/09/2021,6.9,7,6.9,7,1045925
1JANATAMF,18/10/2021,4.4,4.5,4.4,4.4,58330
1JANATAMF,16/11/2021,3.35,3.44,3.35,3.35,315768
1JANATAMF,17/11/2021,6.5,6.5,6.4,6.4,196751
1JANATAMF,16/12/2021,4.44,4.53,4.35,4.44,789598
1JANATAMF,17/12/2021,6.4,6.6,6.4,6.5,37098
1JANATAMF,17/01/2022,7.07,7.16,6.89,7.07,3381712
1JANATAMF,18/01/2022,6.5,6.6,6.5,6.6,212917
1JANATAMF,16/02/2022,2.7,2.79,2.7,2.7,45969
1JANATAMF,17/02/2022,6.16,6.35,6.07,6.25,1385736
1JANATAMF,18/02/2022,6.2,6.3,6.2,6.2,50714
1JANATAMF,16/03/2022,2.7,2.79,2.61,2.7,86721
1JANATAMF,17/03/2022,6.35,6.44,6.25,6.35,1381393
1JANATAMF,18/03/2022,6.2,6.2,6.1,6.1,319765
1JANATAMF,18/04/2022,6.2,6.2,6.2,6.2,228559
1JANATAMF,16/05/2022,2.96,2.96,2.87,2.96,154569
1JANATAMF,17/05/2022,6.16,6.25,6.07,6.25,795530
1JANATAMF,18/05/2022,6.1,6.2,6.1,6.2,99977
1JANATAMF,16/06/2022,2.96,2.96,2.87,2.87,214763
1JANATAMF,17/06/2022,6.44,6.53,6.35,6.44,559546
1JANATAMF,18/07/2022,6.1,6.1,6.1,6.1,40942
1JANATAMF,16/08/2022,2.87,2.96,2.87,2.96,840333
1JANATAMF,17/08/2022,6.44,6.53,6.44,6.53,899290
1JANATAMF,16/09/2022,3.07,3.16,2.98,3.07,536864
1JANATAMF,17/10/2022,6.7,6.8,6.7,6.8,179060
1JANATAMF,18/10/2022,4.4,4.5,4.4,4.4,18461
1JANATAMF,16/11/2022,3.35,3.44,3.35,3.35,173510
1JANATAMF,17/11/2022,6.4,6.5,6.3,6.4,534085
1JANATAMF,16/12/2022,4.44,4.62,4.44,4.53,2042737
1JANATAMF,17/01/2023,7.07,7.53,6.98,7.35,6468231
1JANATAMF,18/01/2023,6.6,6.6,6.5,6.6,238975
1JANATAMF,16/02/2023,2.7,2.79,2.7,2.79,84509
1JANATAMF,17/02/2023,6.25,6.25,6.16,6.16,972542
1JANATAMF,16/03/2023,2.7,2.79,2.61,2.7,282896
1JANATAMF,17/03/2023,6.44,6.44,6.35,6.35,839182
1JANATAMF,17/04/2023,6.35,6.35,6.16,6.16,1072514
1JANATAMF,18/04/2023,6.2,6.3,6.2,6.3,199061
1JANATAMF,17/05/2023,6.16,6.35,6.16,6.25,693977
1JANATAMF,18/05/2023,6.2,6.2,6.1,6.2,40614
1JANATAMF,16/06/2023,2.96,3.13,2.96,3.13,413386
1JANATAMF,17/07/2023,6.71,6.71,6.53,6.62,852981
1JANATAMF,18/07/2023,6.1,6.2,6.1,6.2,118825
1JANATAMF,16/08/2023,2.96,3.05,2.87,2.96,611099
1JANATAMF,17/08/2023,6.44,6.53,6.44,6.53,855514
1JANATAMF,18/09/2023,5,5,5,5,81173
1JANATAMF,16/10/2023,3.44,3.44,3.35,3.44,334113
1JANATAMF,17/10/2023,6.8,6.8,6.7,6.7,118969
1JANATAMF,18/10/2023,4.5,4.5,4.3,4.3,89991
1JANATAMF,16/11/2023,3.44,3.44,3.35,3.44,301503
1JANATAMF,17/11/2023,6.4,6.5,6.4,6.4,62486
1JANATAMF,16/01/2024,2.79,2.87,2.7,2.79,84869
1JANATAMF,17/01/2024,7.35,7.98,7.35,7.62,7400010
1JANATAMF,18/01/2024,6.5,6.6,6.5,6.6,138446
1JANATAMF,16/02/2024,2.7,2.79,2.7,2.79,87789
1JANATAMF,16/03/2024,2.61,2.7,2.61,2.61,145525
1JANATAMF,16/04/2024,2.79,2.87,2.79,2.87,129032
1JANATAMF,17/04/2024,6.25,6.25,6.07,6.16,666322
1JANATAMF,18/04/2024,6.3,6.4,6.2,6.4,945166
1JANATAMF,16/05/2024,2.87,2.96,2.87,2.87,96639
1JANATAMF,17/05/2024,6.25,6.53,6.25,6.44,1075658
1JANATAMF,18/05/2024,6.1,6.1,6,6.1,182925
1JANATAMF,18/06/2024,6.1,6.2,6.1,6.1,60365
1JANATAMF,16/07/2024,3.31,3.39,3.22,3.22,879374
1JANATAMF,17/07/2024,6.62,6.62,6.53,6.53,397640
1JANATAMF,18/07/2024,6.1,6.2,6.1,6.2,53297
1JANATAMF,16/08/2024,2.96,3.05,2.87,2.96,659507
1JANATAMF,17/08/2024,6.53,6.62,6.44,6.53,479008
1JANATAMF,16/09/2024,3.07,3.35,3.07,3.25,2024793
1JANATAMF,17/09/2024,7,7.1,6.9,7,669127
1JANATAMF,18/09/2024,4.9,4.9,4.8,4.8,140891
1JANATAMF,16/10/2024,3.35,3.44,3.35,3.35,95148
1JANATAMF,17/10/2024,6.7,6.8,6.7,6.7,79747
1JANATAMF,18/10/2024,4.5,4.5,4.3,4.4,18899
1JANATAMF,16/11/2024,3.44,3.8,3.44,3.71,2929650
1JANATAMF,17/12/2024,6.5,6.6,6.4,6.5,101054
1JANATAMF,16/01/2025,2.79,2.87,2.7,2.79,90375
1JANATAMF,17/01/2025,7.62,7.71,7.25,7.35,2615344
1JANATAMF,18/01/2025,6.6,6.6,6.5,6.5,96813
1JANATAMF,16/02/2025,2.7,2.79,2.7,2.79,424349
1JANATAMF,18/02/2025,6.2,6.2,6.2,6.2,86407
1JANATAMF,18/03/2025,6.2,6.3,6.1,6.2,53580
1JANATAMF,16/04/2025,2.79,2.87,2.79,2.87,188781
1JANATAMF,17/04/2025,6.25,6.25,6.16,6.16,896949
1JANATAMF,18/04/2025,6.4,6.4,6.2,6.3,387636
1JANATAMF,16/05/2025,2.87,2.96,2.87,2.87,277938
1JANATAMF,17/05/2025,6.44,6.71,6.35,6.62,2548779
1JANATAMF,18/06/2025,6.1,6.2,6.1,6.1,154070
1JANATAMF,16/07/2025,3.22,3.31,3.13,3.22,578928
1JANATAMF,17/07/2025,6.53,6.53,6.44,6.53,1035577
1JANATAMF,18/07/2025,6.2,6.2,6.1,6.2,199870
1JANATAMF,16/09/2025,3.25,3.44,3.25,3.35,1133761
1JANATAMF,17/09/2025,7,7,6.8,7,1319938
1JANATAMF,18/09/2025,4.8,4.9,4.6,4.7,181350
1JANATAMF,16/10/2025,3.35,3.44,3.35,3.35,258610
1JANATAMF,17/10/2025,6.8,6.8,6.6,6.7,169704
1JANATAMF,18/10/2025,4.4,4.5,4.3,4.4,26522
1JANATAMF,16/01/2026,2.79,2.87,2.79,2.87,140679
1JANATAMF,17/01/2026,7.25,7.35,7.07,7.16,2086436
1JANATAMF,17/02/2026,6.16,6.35,6.07,6.25,1997933
1JANATAMF,18/02/2026,6.1,6.2,6.1,6.2,114970
1JANATAMF,16/04/2026,2.79,2.87,2.79,2.87,152027
1JANATAMF,17/04/2026,6.25,6.35,6.16,6.35,572835
1JANATAMF,18/04/2026,6.3,6.4,6.3,6.4,82866
1JANATAMF,16/05/2026,2.87,2.87,2.87,2.87,29305
1JANATAMF,16/06/2026,3.05,3.13,2.96,3.13,97296
1JANATAMF,18/06/2026,6.1,6.2,6.1,6.1,156734
1JANATAMF,16/07/2026,3.22,3.39,3.13,3.22,519321
1JANATAMF,17/07/2026,6.53,6.62,6.44,6.62,381280
1JANATAMF,18/07/2026,6.1,6.2,6.1,6.1,79449
1JANATAMF,18/08/2026,6.1,6.3,6.1,6.2,35336
1JANATAMF,16/09/2026,3.35,3.44,3.25,3.35,828155
1JANATAMF,17/09/2026,6.9,7,6.9,7,586834
1JANATAMF,18/09/2026,4.7,4.7,4.6,4.6,141201
1JANATAMF,16/10/2026,3.35,3.35,3.35,3.35,114307
1JANATAMF,17/10/2026,6.7,6.7,6.6,6.6,125997
1JANATAMF,17/11/2026,6.4,6.5,6.4,6.4,50974
1JANATAMF,16/12/2026,4.53,4.71,4.53,4.71,2163366
1JANATAMF,17/12/2026,6.5,6.6,6.4,6.5,630548
1JANATAMF,16/01/2027,2.79,2.87,2.79,2.79,64868
1JANATAMF,17/02/2027,6.25,6.25,6.07,6.07,650940
1JANATAMF,18/02/2027,6.1,6.2,6.1,6.1,31205
1JANATAMF,16/03/2027,2.61,2.79,2.61,2.7,121725
1JANATAMF,17/03/2027,6.35,6.44,6.25,6.35,874837
1JANATAMF,18/03/2027,6.1,6.2,6,6.1,309196
1JANATAMF,16/04/2027,2.79,2.87,2.79,2.79,21156
1JANATAMF,17/04/2027,6.35,6.44,6.25,6.35,632936
1JANATAMF,18/05/2027,6.1,6.2,6,6.1,17103
1JANATAMF,16/06/2027,3.05,3.13,3.05,3.05,41835
1JANATAMF,18/06/2027,6.1,6.2,6.1,6.1,221011
1JANATAMF,16/07/2027,3.22,3.31,3.22,3.31,419815
1JANATAMF,17/07/2027,6.62,6.62,6.44,6.53,1096546
1JANATAMF,17/08/2027,6.53,6.53,6.44,6.44,376668
1JANATAMF,18/08/2027,6.1,6.2,6.1,6.1,25499
1JANATAMF,16/09/2027,3.35,3.53,3.35,3.44,1145865
1JANATAMF,17/09/2027,6.9,7,6.9,7,803191
1JANATAMF,18/09/2027,4.6,4.6,4.4,4.4,298358
1JANATAMF,16/10/2027,3.35,3.35,3.35,3.35,139263
1JANATAMF,16/11/2027,3.71,3.89,3.62,3.71,1412907
1JANATAMF,17/11/2027,6.5,6.5,6.4,6.5,400050
1JANATAMF,16/12/2027,4.71,5.16,4.71,5.16,6215136
1JANATAMF,17/12/2027,6.5,6.5,6.4,6.5,200062
1JANATAMF,16/01/2028,2.79,2.79,2.7,2.79,340455
1JANATAMF,18/01/2028,6.5,6.5,6.4,6.5,128740
1JANATAMF,16/02/2028,2.7,2.79,2.7,2.7,35225
1JANATAMF,17/02/2028,6.07,6.16,6.07,6.16,581361
1JANATAMF,18/02/2028,6,6.2,6,6.2,72066
1JANATAMF,16/03/2028,2.61,2.7,2.61,2.7,225446
1JANATAMF,17/03/2028,6.25,6.35,6.25,6.35,517859
1JANATAMF,18/03/2028,6,6.2,6,6,118669
1JANATAMF,16/04/2028,2.79,2.87,2.79,2.87,170850
1JANATAMF,17/05/2028,6.62,6.98,6.53,6.71,4121011
1JANATAMF,18/05/2028,6.1,6.2,6,6.1,21935
1JANATAMF,16/06/2028,3.05,3.13,3.05,3.05,68706
1JANATAMF,17/06/2028,6.44,6.53,6.35,6.44,225838
1JANATAMF,18/06/2028,6.1,6.2,6.1,6.2,197122
1JANATAMF,16/07/2028,3.22,3.31,3.22,3.22,956877
1JANATAMF,16/08/2028,2.96,2.96,2.87,2.96,181534
1JANATAMF,17/08/2028,6.44,6.53,6.35,6.44,475747
1JANATAMF,18/08/2028,6.1,6.3,6.1,6.2,116405
1JANATAMF,16/09/2028,3.53,3.53,3.35,3.44,268137
1JANATAMF,17/09/2028,6.9,7.1,6.9,7,1278824
1JANATAMF,18/10/2028,4.4,4.5,4.4,4.4,21202
1JANATAMF,16/11/2028,4.53,4.62,4.44,4.44,668793
1JANATAMF,17/11/2028,6.5,6.5,6.3,6.4,576406
1JANATAMF,16/12/2028,5.35,5.62,5.25,5.44,7154364
1JANATAMF,17/12/2028,6.4,6.5,6.4,6.4,294720
1JANATAMF,17/01/2029,7.07,7.35,6.62,6.71,2668181
1JANATAMF,18/01/2029,6.4,6.5,6.3,6.4,208180
1JANATAMF,16/02/2029,2.7,2.79,2.7,2.79,291591
1JANATAMF,16/03/2029,2.61,2.79,2.61,2.79,181800
1JANATAMF,17/03/2029,6.25,6.35,6.16,6.16,660248
1JANATAMF,18/03/2029,6.1,6.2,6,6.1,8525
1JANATAMF,16/05/2029,2.87,3.05,2.87,2.96,210647
1JANATAMF,17/05/2029,6.71,6.89,6.44,6.53,3039412
1JANATAMF,18/05/2029,6,6.2,6,6.2,167741
1JANATAMF,16/06/2029,3.05,3.13,3.05,3.05,273510
1JANATAMF,17/06/2029,6.44,6.53,6.35,6.44,790783
1JANATAMF,18/07/2029,6.1,6.2,6.1,6.1,155550
1JANATAMF,16/08/2029,2.96,3.05,2.87,2.96,423733
1JANATAMF,17/08/2029,6.44,6.53,6.35,6.35,375705
1JANATAMF,18/08/2029,6.2,6.3,6.1,6.2,9775
1JANATAMF,16/09/2029,3.35,3.44,3.35,3.35,77219
1JANATAMF,17/10/2029,6.6,6.7,6.6,6.6,62407
1JANATAMF,18/10/2029,4.4,4.4,4.3,4.4,28801
1JANATAMF,16/11/2029,4.53,4.62,4.44,4.53,942007
1JANATAMF,17/11/2029,6.4,6.5,6.4,6.4,332400
1JANATAMF,16/12/2029,5.44,5.44,5.07,5.16,4870536
1JANATAMF,15/01/2001,5.1,5.3,5.1,5.3,91470
1JANATAMF,15/01/2005,5.1,5.2,5.1,5.1,26123
1JANATAMF,15/01/2006,5.2,5.3,5.1,5.2,78987
1JANATAMF,15/01/2007,5.1,5.2,5.1,5.2,98861
1JANATAMF,15/01/2008,5.1,5.3,5,5.2,103256
1JANATAMF,15/01/2011,5.1,5.2,5.1,5.2,64717
1JANATAMF,15/01/2012,5.1,5.1,5.1,5.1,1221
1JANATAMF,15/01/2013,5.1,5.2,5.1,5.1,86072
1JANATAMF,15/01/2014,5.2,5.3,5.1,5.2,113400
1JANATAMF,15/01/2015,5.1,5.3,5.1,5.2,284893
1JANATAMF,15/01/2018,5.2,5.2,5.1,5.1,61432
1JANATAMF,15/01/2019,5.1,5.3,5.1,5.2,242408
1JANATAMF,15/01/2020,5.1,5.2,5.1,5.1,20924
1JANATAMF,15/01/2021,5.1,5.2,5.1,5.1,73675
1JANATAMF,15/01/2022,5.1,5.2,5.1,5.1,19805
1JANATAMF,15/01/2025,5.1,5.1,5,5,22283
1JANATAMF,15/01/2026,5,5.1,4.9,5,38128
1JANATAMF,15/01/2027,5,5.1,5,5.1,142284
1JANATAMF,15/01/2028,5.1,5.2,5.1,5.1,63154
1JANATAMF,15/01/2029,5.1,5.1,5,5.1,32330
1JANATAMF,15/02/2001,5,5,4.8,5,78515
1JANATAMF,15/02/2002,4.9,5,4.9,5,112541
1JANATAMF,15/02/2003,4.9,5.2,4.9,5.1,214820
1JANATAMF,15/02/2004,5.1,5.2,5,5.1,148262
1JANATAMF,15/02/2005,5,5.1,5,5.1,80424
1JANATAMF,15/02/2008,5,5.1,5,5,142314
1JANATAMF,15/02/2009,5,5.1,4.9,5,63800
1JANATAMF,15/02/2010,5,5.1,5,5,69826
1JANATAMF,15/02/2011,5,5.1,4.9,5,102914
1JANATAMF,15/02/2012,5,5.1,4.9,5,59240
1JANATAMF,15/02/2015,5,5.1,5,5,81620
1JANATAMF,15/02/2016,5,5.1,5,5,83642
1JANATAMF,15/02/2017,5,5.1,5,5,88870
1JANATAMF,15/02/2018,5,5.1,5,5,132968
1JANATAMF,15/02/2019,4.9,5.1,4.9,5.1,162044
1JANATAMF,15/02/2022,5,5,4.9,5,68580
1JANATAMF,15/02/2023,5,5,4.9,4.9,94050
1JANATAMF,15/02/2024,4.9,5,4.9,5,109090
1JANATAMF,15/02/2025,5,5,4.9,5,100346
1JANATAMF,15/02/2026,4.9,5,4.9,5,38653
1JANATAMF,15/03/2001,5,5,4.9,5,51957
1JANATAMF,15/03/2002,4.9,5,4.9,5,95485
1JANATAMF,15/03/2003,4.9,5,4.9,4.9,26163
1JANATAMF,15/03/2004,5,5,4.9,5,145248
1JANATAMF,15/03/2005,4.9,4.9,4.8,4.8,181417
1JANATAMF,15/03/2008,4.8,4.9,4.8,4.9,7937
1JANATAMF,15/03/2009,4.8,4.9,4.8,4.8,33055
1JANATAMF,15/03/2010,4.8,4.9,4.8,4.8,70304
1JANATAMF,15/03/2011,4.8,4.8,4.8,4.8,62504
1JANATAMF,15/03/2012,4.6,4.8,4.6,4.7,49733
1JANATAMF,15/03/2015,4.8,4.8,4.7,4.7,21679
1JANATAMF,15/03/2016,4.4,4.4,4.4,4.4,55111
1JANATAMF,15/03/2018,4.7,4.8,4.7,4.7,49955
1JANATAMF,15/03/2019,4.6,4.9,4.6,4.8,47934
1JANATAMF,15/03/2022,4.7,4.9,4.7,4.8,29755
1JANATAMF,15/03/2023,4.8,4.9,4.6,4.6,236203
1JANATAMF,15/03/2024,4.7,4.8,4.7,4.8,53221
1JANATAMF,15/03/2025,4.7,4.7,4.6,4.6,34158
1JANATAMF,15/03/2029,4.6,4.7,4.6,4.6,98489
1JANATAMF,15/03/1930,4.6,4.7,4.5,4.6,141667
1JANATAMF,15/03/1931,4.6,4.6,4.5,4.5,25273
1JANATAMF,15/04/2001,4.5,4.6,4.5,4.6,46311
1JANATAMF,15/04/2002,4.5,4.6,4.5,4.6,91511
1JANATAMF,15/04/2005,4.6,4.6,4.3,4.5,37355
1JANATAMF,15/04/2006,4.5,4.5,4.3,4.5,27386
1JANATAMF,15/04/2007,4.3,4.4,4.3,4.3,83382
1JANATAMF,15/04/2008,4.3,4.5,4.3,4.3,77769
1JANATAMF,15/04/2009,4.3,4.3,4.1,4.1,283615
1JANATAMF,15/04/2012,4.1,4.3,4.1,4.1,19511
1JANATAMF,15/04/2013,4,4.2,4,4.1,32863
1JANATAMF,15/04/2015,4.1,4.2,4.1,4.2,51600
1JANATAMF,15/04/2016,4.2,4.3,4.1,4.1,52906
1JANATAMF,15/04/2019,4.1,4.3,4.1,4.2,55101
1JANATAMF,15/04/2020,4.1,4.2,4.1,4.1,35879
1JANATAMF,15/04/2021,4.1,4.2,4.1,4.2,54166
1JANATAMF,15/04/2022,4.1,4.3,4.1,4.1,58222
1JANATAMF,15/04/2023,4.1,4.2,4.1,4.1,80119
1JANATAMF,15/04/2026,4.2,4.2,4.1,4.2,30710
1JANATAMF,15/04/2027,4.1,4.2,4.1,4.1,593554
1JANATAMF,15/04/2029,4.2,4.2,4.1,4.1,37007
1JANATAMF,15/04/1930,4.1,4.2,4.1,4.2,80682
1JANATAMF,15/05/2004,4.1,4.1,4,4.1,38460
1JANATAMF,15/05/2005,4.2,4.2,4,4.1,42812
1JANATAMF,15/05/2006,4,4.1,4,4.1,28108
1JANATAMF,15/05/2007,4.1,4.3,4.1,4.2,93995
1JANATAMF,15/05/2010,4.3,4.6,4.2,4.6,386695
1JANATAMF,15/05/2011,4.5,4.8,4.5,4.8,269914
1JANATAMF,15/05/2012,4.9,5.2,4.9,5,584965
1JANATAMF,15/05/2013,5,5.2,4.6,4.9,207865
1JANATAMF,15/05/2014,4.9,4.9,4.6,4.7,147879
1JANATAMF,15/05/2017,4.6,4.8,4.5,4.6,131944
1JANATAMF,15/05/2018,4.5,4.8,4.5,4.8,80314
1JANATAMF,15/05/2019,4.8,4.9,4.7,4.8,133941
1JANATAMF,15/05/2020,4.7,4.9,4.7,4.8,121724
1JANATAMF,15/05/2021,4.7,4.9,4.7,4.8,259899
1JANATAMF,15/05/2024,4.7,4.9,4.7,4.8,15845
1JANATAMF,15/05/2025,4.7,4.8,4.7,4.8,211499
1JANATAMF,15/05/2026,4.8,5,4.8,4.9,430948
1JANATAMF,15/05/2027,4.8,5,4.8,4.9,283485
1JANATAMF,15/05/2028,4.9,4.9,4.7,4.7,402056
1JANATAMF,15/05/1931,4.7,4.8,4.7,4.7,93270
1JANATAMF,15/06/2001,4.7,4.8,4.7,4.8,470540
1JANATAMF,15/06/2002,4.7,4.9,4.7,4.9,408494
1JANATAMF,15/06/2004,4.9,4.9,4.7,4.7,54952
1JANATAMF,15/06/2007,4.8,4.8,4.7,4.7,55117
1JANATAMF,15/06/2008,4.7,4.8,4.7,4.7,137552
1JANATAMF,15/06/2009,4.8,4.9,4.7,4.7,242076
1JANATAMF,15/06/2010,4.8,4.9,4.7,4.8,364390
1JANATAMF,15/06/2011,4.8,5,4.8,4.9,333593
1JANATAMF,15/06/2014,4.9,4.9,4.8,4.8,146116
1JANATAMF,15/06/2015,4.8,4.9,4.7,4.8,159330
1JANATAMF,15/06/2016,4.8,4.9,4.7,4.7,35915
1JANATAMF,15/06/2017,4.7,4.9,4.7,4.8,53105
1JANATAMF,15/06/2018,4.7,4.9,4.7,4.8,93459
1JANATAMF,15/06/2021,4.7,4.9,4.7,4.8,28959
1JANATAMF,15/06/2022,4.7,4.9,4.7,4.7,91091
1JANATAMF,15/06/2023,4.7,4.8,4.7,4.7,94462
1JANATAMF,15/06/2024,4.7,4.8,4.7,4.7,62727
1JANATAMF,15/06/2025,4.7,4.8,4.7,4.7,33744
1JANATAMF,15/06/2028,4.8,4.8,4.7,4.7,333763
1JANATAMF,15/06/2029,4.7,4.8,4.7,4.8,282954
1JANATAMF,15/06/1930,4.7,4.8,4.7,4.8,295061
1JANATAMF,15/07/2002,4.8,4.8,4.7,4.8,77892
1JANATAMF,15/07/2005,4.7,4.9,4.7,4.9,189133
1JANATAMF,15/07/2006,4.8,4.9,4.8,4.8,45529
1JANATAMF,15/07/2007,4.8,4.9,4.8,4.9,53852
1JANATAMF,15/07/2008,4.9,4.9,4.8,4.9,122276
1JANATAMF,15/07/2009,4.8,4.9,4.8,4.9,82785
1JANATAMF,15/07/2012,4.9,5.1,4.9,5.1,624715
1JANATAMF,15/07/2013,5.1,5.2,5,5.1,693171
1JANATAMF,15/07/2014,5,5.3,5,5.2,529626
1JANATAMF,15/07/2021,5.2,5.3,5.1,5.1,124211
1JANATAMF,15/07/2022,5.1,5.2,5,5.1,156422
1JANATAMF,15/07/2023,5,5.1,5,5.1,209254
1JANATAMF,15/07/2026,5.1,5.2,5.1,5.2,183419
1JANATAMF,15/07/2027,5.2,5.3,5.1,5.2,216980
1JANATAMF,15/07/2028,5.2,5.4,5.2,5.3,486410
1JANATAMF,15/07/2029,5.3,5.5,5.2,5.4,1310802
1JANATAMF,15/07/1930,5.3,5.5,5.3,5.4,391674
1JANATAMF,15/08/2002,5.4,5.7,5.3,5.6,623507
1JANATAMF,15/08/2003,5.6,5.7,5.5,5.6,414591
1JANATAMF,15/08/2004,5.5,5.7,5.5,5.6,672774
1JANATAMF,15/08/2005,5.6,5.6,5.4,5.5,311800
1JANATAMF,15/08/2006,5.4,5.5,5.3,5.4,302051
1JANATAMF,15/08/2009,5.5,5.5,5.2,5.3,170561
1JANATAMF,15/08/2010,5.2,5.4,5.2,5.3,382690
1JANATAMF,15/08/2011,5.2,5.3,5.1,5.2,326060
1JANATAMF,15/08/2012,5.2,5.4,5.2,5.3,147959
1JANATAMF,15/08/2013,5.3,5.4,5.3,5.3,154954
1JANATAMF,15/08/2016,5.5,5.5,5.1,5.1,780893
1JANATAMF,15/08/2017,5.2,5.2,4.9,5,785091
1JANATAMF,15/08/2018,5,5,4.9,4.9,557025
1JANATAMF,15/08/2019,4.9,5,4.8,4.9,253721
1JANATAMF,15/08/2020,4.9,5,4.8,4.9,217741
1JANATAMF,15/08/2023,4.8,5,4.8,4.9,134321
1JANATAMF,15/08/2024,4.9,5,4.9,4.9,169710
1JANATAMF,15/08/2025,5,5,4.9,4.9,225964
1JANATAMF,15/08/2026,4.8,5,4.8,4.9,72982
1JANATAMF,15/08/2027,5,5,4.9,5,224723
1JANATAMF,15/08/1930,5,5.1,4.9,5,236770
1JANATAMF,15/08/1931,5,5,4.9,5,157729
1JANATAMF,15/09/2001,5,5,4.9,4.9,132161
1JANATAMF,15/09/2002,4.9,5,4.9,4.9,199972
1JANATAMF,15/09/2006,4.1,4.5,4.1,4.5,400873
1JANATAMF,15/09/2007,4.4,4.6,4.4,4.5,298410
1JANATAMF,15/09/2008,4.6,4.7,4.5,4.6,799912
1JANATAMF,15/09/2009,4.6,4.8,4.6,4.6,140672
1JANATAMF,15/09/2010,4.6,4.7,4.5,4.5,205425
1JANATAMF,15/09/2013,4.5,4.6,4.5,4.5,47198
1JANATAMF,15/09/2014,4.5,4.6,4.5,4.5,197107
1JANATAMF,15/09/2015,4.6,4.7,4.5,4.7,105023
1JANATAMF,15/09/2016,4.5,4.6,4.5,4.6,225086
1JANATAMF,15/09/2017,4.5,4.6,4.5,4.6,72735
1JANATAMF,15/09/2020,4.5,4.7,4.5,4.6,112561
1JANATAMF,15/09/2021,4.6,4.6,4.5,4.5,207185
1JANATAMF,15/09/2022,4.6,4.6,4.5,4.5,453650
1JANATAMF,15/09/2028,4.5,4.6,4.5,4.5,217128
1JANATAMF,15/09/2029,4.5,4.6,4.5,4.5,57050
1JANATAMF,15/09/1930,4.5,4.6,4.5,4.6,72901
1JANATAMF,15/10/2001,4.6,4.7,4.5,4.7,385643
1JANATAMF,15/10/2004,4.7,4.8,4.6,4.7,355286
1JANATAMF,15/10/2005,4.6,4.6,4.5,4.6,315093
1JANATAMF,15/10/2006,4.5,4.7,4.5,4.6,335512
1JANATAMF,15/10/2007,4.7,4.9,4.6,4.8,1401503
1JANATAMF,15/10/2008,4.8,4.9,4.7,4.8,412976
1JANATAMF,15/10/2011,4.9,4.9,4.7,4.8,925775
1JANATAMF,15/10/2012,4.8,4.9,4.8,4.9,414197
1JANATAMF,15/10/2013,4.9,5,4.7,4.8,718469
1JANATAMF,15/10/2014,4.8,4.8,4.7,4.7,133572
1JANATAMF,15/10/2015,4.7,4.8,4.6,4.7,446809
1JANATAMF,15/10/2018,4.7,4.7,4.5,4.5,533682
1JANATAMF,15/10/2019,4.5,4.7,4.5,4.6,264737
1JANATAMF,15/10/2020,4.5,4.6,4.5,4.6,151516
1JANATAMF,15/10/2021,4.5,4.7,4.5,4.6,273348
1JANATAMF,15/10/2025,4.5,4.6,4.5,4.5,212745
1JANATAMF,15/10/2026,4.5,4.6,4.5,4.5,96873
1JANATAMF,15/10/2027,4.5,4.6,4.5,4.5,170181
1JANATAMF,15/10/2028,4.5,4.6,4.4,4.5,167106
1JANATAMF,15/10/2029,4.5,4.6,4.5,4.5,211150
1JANATAMF,15/11/2001,4.5,4.6,4.4,4.4,148397
1JANATAMF,15/11/2002,4.4,4.5,4.4,4.5,423972
1JANATAMF,15/11/2003,4.5,4.6,4.5,4.5,252430
1JANATAMF,15/11/2004,4.5,4.6,4.4,4.5,92126
1JANATAMF,15/11/2005,4.5,4.6,4.4,4.4,184754
1JANATAMF,15/11/2008,4.4,4.5,4.4,4.4,214183
1JANATAMF,15/11/2009,4.4,4.5,4.4,4.4,316843
1JANATAMF,15/11/2010,4.4,4.5,4.3,4.3,189059
1JANATAMF,15/11/2011,4.4,4.4,4.2,4.3,367861
1JANATAMF,15/11/2012,4.3,4.3,4,4.2,699188
1JANATAMF,15/11/2015,4.3,4.3,4.1,4.2,135426
1JANATAMF,15/11/2016,4.1,4.3,4.1,4.3,103370
1JANATAMF,15/11/2017,4.3,4.3,4.2,4.3,142890
1JANATAMF,15/11/2018,4.2,4.4,4.2,4.3,35584
1JANATAMF,15/11/2019,4.3,4.4,4.3,4.4,164159
1JANATAMF,15/11/2022,4.4,4.4,4.3,4.4,298414
1JANATAMF,15/11/2023,4.4,4.5,4.3,4.4,138901
1JANATAMF,15/11/2024,4.4,4.5,4.3,4.4,72368
1JANATAMF,15/11/2025,4.3,4.4,4.3,4.3,27013
1JANATAMF,15/11/2026,4.4,4.5,4.3,4.4,65858
1JANATAMF,15/11/2029,4.3,4.4,4.3,4.4,148256
1JANATAMF,15/11/1930,4.3,4.4,4.3,4.3,206191
1JANATAMF,15/12/2001,4.3,4.4,4.3,4.3,52165
1JANATAMF,15/12/2002,4.4,4.4,4.3,4.3,437832
1JANATAMF,15/12/2003,4.3,4.4,4.3,4.3,66340
1JANATAMF,15/12/2006,4.3,4.4,4.3,4.3,158510
1JANATAMF,15/12/2007,4.3,4.4,4.2,4.3,350751
1JANATAMF,15/12/2008,4.3,4.4,4.3,4.3,302109
1JANATAMF,15/12/2009,4.3,4.4,4.3,4.3,110232
1JANATAMF,15/12/2010,4.3,4.4,4.2,4.3,421361
1JANATAMF,15/12/2013,4.3,4.3,4.2,4.2,326444
1JANATAMF,15/12/2014,4.2,4.4,4.2,4.3,252485
1JANATAMF,15/12/2015,4.3,4.3,4.2,4.3,139886
1JANATAMF,15/12/2017,4.2,4.3,4.2,4.3,63106
1JANATAMF,15/12/2020,4.2,4.2,4.2,4.2,8410
1JANATAMF,15/12/2021,4.2,4.4,4.2,4.4,326512
1JANATAMF,15/12/2022,4.3,4.3,4.2,4.3,114702
1JANATAMF,15/12/2023,4.3,4.3,4.2,4.2,292095
1JANATAMF,15/12/2024,4.2,4.3,4.2,4.3,205031
1JANATAMF,15/12/2027,4.3,4.3,4.2,4.2,338070
1JANATAMF,15/12/2028,4.2,4.3,4.2,4.3,131964
1JANATAMF,15/12/2029,4.2,4.3,4.2,4.2,260942
1JANATAMF,15/12/1930,4.3,4.3,4.2,4.3,240322
1JANATAMF,15/12/1931,4.3,4.3,4.2,4.3,87878
1JANATAMF,14/01/2001,4.33,4.51,4.33,4.42,108000
1JANATAMF,14/01/2002,4.33,4.42,4.33,4.33,141750
1JANATAMF,14/01/2006,4.33,4.42,4.33,4.33,136125
1JANATAMF,14/01/2007,4.33,4.42,4.24,4.33,232313
1JANATAMF,14/01/2008,4.33,4.42,4.33,4.33,83250
1JANATAMF,14/01/2009,4.42,4.42,4.33,4.33,295313
1JANATAMF,14/01/2012,4.33,4.51,4.33,4.33,225000
1JANATAMF,14/01/2013,4.42,4.42,4.33,4.33,158625
1JANATAMF,14/01/2015,4.42,4.42,4.33,4.33,279000
1JANATAMF,14/01/2016,4.42,4.51,4.42,4.42,234000
1JANATAMF,14/01/2019,4.51,4.6,4.42,4.51,560813
1JANATAMF,14/01/2020,4.51,4.6,4.51,4.51,425813
1JANATAMF,14/01/2021,4.51,4.69,4.51,4.6,370125
1JANATAMF,14/01/2022,4.6,4.87,4.6,4.78,1844438
1JANATAMF,14/01/2023,4.78,5.31,4.78,5.13,1886625
1JANATAMF,14/01/2026,5.31,5.58,5.13,5.22,1217813
1JANATAMF,14/01/2027,5.13,5.22,4.96,5.04,921938
1JANATAMF,14/01/2028,5.04,5.13,5.04,5.04,423563
1JANATAMF,14/01/2029,5.13,5.22,4.96,5.13,485438
1JANATAMF,14/01/1930,5.22,5.22,5.04,5.13,673313
1JANATAMF,14/02/2002,5.13,5.22,5.04,5.04,348188
1JANATAMF,14/02/2003,5.13,5.22,5.04,5.04,334688
1JANATAMF,14/02/2004,5.13,5.4,5.13,5.31,1311188
1JANATAMF,14/02/2005,5.31,5.31,5.22,5.22,766125
1JANATAMF,14/02/2006,5.22,5.31,5.04,5.04,411750
1JANATAMF,14/02/2009,5.13,5.22,5.04,5.04,622688
1JANATAMF,14/02/2010,5.04,5.13,4.96,4.96,728438
1JANATAMF,14/02/2011,4.96,5.13,4.96,4.96,182250
1JANATAMF,14/02/2012,5.13,5.13,4.96,5.04,172125
1JANATAMF,14/02/2013,4.96,5.13,4.96,5.04,174938
1JANATAMF,14/02/2016,4.96,5.04,4.96,4.96,405000
1JANATAMF,14/02/2017,4.96,5.04,4.96,4.96,95063
1JANATAMF,14/02/2018,4.96,5.04,4.96,4.96,261000
1JANATAMF,14/02/2019,5.04,5.22,5.04,5.13,529313
1JANATAMF,14/02/2020,5.04,5.22,5.04,5.04,487125
1JANATAMF,14/02/2023,5.04,5.13,5.04,5.04,746438
1JANATAMF,14/02/2024,5.04,5.13,5.04,5.04,275625
1JANATAMF,14/02/2025,5.04,5.13,4.96,5.04,874125
1JANATAMF,14/02/2026,5.04,5.13,5.04,5.04,109688
1JANATAMF,14/02/2027,5.04,5.13,5.04,5.04,408375
1JANATAMF,14/03/2002,5.04,5.13,5.04,5.04,624375
1JANATAMF,14/03/2003,5.13,5.13,4.96,4.96,1154813
1JANATAMF,14/03/2004,4.96,5.13,4.96,5.04,219938
1JANATAMF,14/03/2005,5.04,5.13,5.04,5.04,595688
1JANATAMF,14/03/2006,5.04,5.13,4.96,5.04,184500
1JANATAMF,14/03/2009,4.96,5.04,4.96,4.96,198563
1JANATAMF,14/03/2010,4.96,5.04,4.87,4.96,173813
1JANATAMF,14/03/2011,4.87,5.04,4.87,4.96,82125
1JANATAMF,14/03/2012,4.96,5.04,4.87,4.96,223875
1JANATAMF,14/03/2013,4.87,5.04,4.87,4.96,347625
1JANATAMF,14/03/2016,4.4,4.5,4.4,4.5,59550
1JANATAMF,14/03/2018,4.87,4.87,4.51,4.51,312188
1JANATAMF,14/03/2019,4.6,4.78,4.6,4.6,186750
1JANATAMF,14/03/2020,4.96,4.96,4.6,4.6,69188
1JANATAMF,14/03/2023,4.6,4.78,4.6,4.69,124313
1JANATAMF,14/03/2024,4.51,4.69,4.51,4.51,105750
1JANATAMF,14/03/2025,4.51,4.69,4.51,4.51,76500
1JANATAMF,14/03/2027,4.51,4.6,4.51,4.51,36563
1JANATAMF,14/03/1930,4.51,4.6,4.42,4.51,86063
1JANATAMF,14/03/1931,4.42,4.6,4.42,4.51,82125
1JANATAMF,14/04/2001,4.51,4.6,4.51,4.51,65250
1JANATAMF,14/04/2002,4.51,4.69,4.51,4.6,75938
1JANATAMF,14/04/2003,4.6,4.69,4.6,4.6,136125
1JANATAMF,14/04/2006,4.6,4.69,4.6,4.6,69750
1JANATAMF,14/04/2007,4.51,4.69,4.51,4.6,77063
1JANATAMF,14/04/2008,4.6,4.6,4.6,4.6,135563
1JANATAMF,14/04/2009,4.51,4.69,4.51,4.6,61313
1JANATAMF,14/04/2010,4.6,4.69,4.6,4.6,228375
1JANATAMF,14/04/2013,4.69,4.78,4.6,4.6,108000
1JANATAMF,14/04/2015,4.6,4.78,4.6,4.69,284063
1JANATAMF,14/04/2016,4.69,4.78,4.6,4.6,223875
1JANATAMF,14/04/2017,4.6,4.78,4.6,4.6,128813
1JANATAMF,14/04/2020,4.6,4.78,4.6,4.6,77625
1JANATAMF,14/04/2021,4.6,4.78,4.6,4.69,205875
1JANATAMF,14/04/2022,4.69,5.04,4.69,4.96,374063
1JANATAMF,14/04/2023,4.96,5.31,4.96,5.13,656438
1JANATAMF,14/04/2024,5.04,5.4,5.04,5.22,1068750
1JANATAMF,14/04/2027,5.22,5.31,5.13,5.22,502875
1JANATAMF,14/04/2028,5.13,5.22,5.13,5.13,407250
1JANATAMF,14/04/2029,5.13,5.31,5.13,5.22,592313
1JANATAMF,14/04/1930,5.22,5.31,5.13,5.13,804938
1JANATAMF,14/05/2004,5.13,5.31,5.04,5.04,482063
1JANATAMF,14/05/2005,4.96,5.13,4.96,4.96,212063
1JANATAMF,14/05/2006,4.96,5.04,4.87,4.87,382500
1JANATAMF,14/05/2007,4.96,5.04,4.96,4.96,34875
1JANATAMF,14/05/2008,4.96,5.04,4.96,4.96,62438
1JANATAMF,14/05/2011,4.96,5.04,4.87,4.96,137250
1JANATAMF,14/05/2012,4.96,5.04,4.96,4.96,109688
1JANATAMF,14/05/2014,4.96,5.04,4.87,4.87,174938
1JANATAMF,14/05/2015,4.87,5.04,4.87,4.96,119250
1JANATAMF,14/05/2018,4.87,4.96,4.78,4.78,204750
1JANATAMF,14/05/2019,4.78,4.96,4.78,4.87,90563
1JANATAMF,14/05/2020,4.78,4.96,4.78,4.87,329625
1JANATAMF,14/05/2021,4.87,4.96,4.78,4.87,329625
1JANATAMF,14/05/2022,4.78,4.87,4.78,4.78,351000
1JANATAMF,14/05/2025,4.78,4.87,4.78,4.78,25875
1JANATAMF,14/05/2026,4.78,4.78,4.69,4.78,210375
1JANATAMF,14/05/2027,4.69,4.87,4.69,4.78,26438
1JANATAMF,14/05/2028,4.78,4.78,4.6,4.69,286875
1JANATAMF,14/05/2029,4.69,4.69,4.6,4.6,110250
1JANATAMF,14/06/2001,4.6,4.6,4.51,4.51,104063
1JANATAMF,14/06/2002,4.51,4.6,4.42,4.42,403313
1JANATAMF,14/06/2003,4.51,4.51,4.42,4.42,195750
1JANATAMF,14/06/2004,4.33,4.51,4.33,4.42,97313
1JANATAMF,14/06/2005,4.42,4.51,4.33,4.33,186188
1JANATAMF,14/06/2008,4.24,4.51,4.24,4.33,462375
1JANATAMF,14/06/2009,4.42,4.42,4.33,4.33,85500
1JANATAMF,14/06/2010,4.42,4.6,4.33,4.42,592875
1JANATAMF,14/06/2011,4.42,4.51,4.42,4.42,160313
1JANATAMF,14/06/2012,4.42,4.78,4.42,4.6,278438
1JANATAMF,14/06/2015,4.6,4.6,4.51,4.51,38813
1JANATAMF,14/06/2016,4.51,4.6,4.42,4.42,259875
1JANATAMF,14/06/2017,4.42,4.42,4.33,4.33,83813
1JANATAMF,14/06/2018,4.33,4.42,4.33,4.33,129375
1JANATAMF,14/06/2019,4.33,4.42,4.33,4.33,51188
1JANATAMF,14/06/2022,4.33,4.51,4.33,4.33,206438
1JANATAMF,14/06/2023,4.42,4.51,4.33,4.33,42750
1JANATAMF,14/06/2024,4.33,4.51,4.33,4.42,91688
1JANATAMF,14/06/2025,4.33,4.6,4.33,4.51,198563
1JANATAMF,14/06/2026,4.6,4.6,4.51,4.51,181125
1JANATAMF,14/06/2029,4.42,4.69,4.42,4.6,109125
1JANATAMF,14/06/1930,4.51,4.69,4.51,4.6,100125
1JANATAMF,14/07/2002,4.51,4.6,4.42,4.51,119813
1JANATAMF,14/07/2003,4.51,4.6,4.42,4.51,109125
1JANATAMF,14/07/2006,4.51,4.51,4.51,4.51,54000
1JANATAMF,14/07/2007,4.42,4.6,4.42,4.42,47250
1JANATAMF,14/07/2008,4.33,4.51,4.33,4.33,312750
1JANATAMF,14/07/2009,4.33,4.42,4.33,4.33,64688
1JANATAMF,14/07/2010,4.42,4.42,4.24,4.24,116438
1JANATAMF,14/07/2013,4.33,4.33,4.24,4.24,181688
1JANATAMF,14/07/2014,4.24,4.33,4.24,4.24,102938
1JANATAMF,14/07/2015,4.24,4.33,4.24,4.24,126000
1JANATAMF,14/07/2016,4.24,4.42,4.24,4.33,297000
1JANATAMF,14/07/2017,4.24,4.42,4.24,4.33,86063
1JANATAMF,14/07/2020,4.33,4.33,4.33,4.33,50063
1JANATAMF,14/07/2021,4.33,4.33,4.33,4.33,69750
1JANATAMF,14/07/2022,4.42,4.42,4.33,4.33,82125
1JANATAMF,14/07/2023,4.33,4.42,4.33,4.33,34875
1JANATAMF,14/07/2024,4.33,4.51,4.33,4.42,281813
1JANATAMF,14/08/2003,4.42,4.42,4.24,4.24,379688
1JANATAMF,14/08/2004,4.33,4.33,4.24,4.24,312188
1JANATAMF,14/08/2005,4.33,4.42,4.24,4.33,576563
1JANATAMF,14/08/2006,4.33,4.51,4.33,4.33,163125
1JANATAMF,14/08/2007,4.33,4.42,4.33,4.33,289688
1JANATAMF,14/08/2010,4.42,4.51,4.33,4.42,315000
1JANATAMF,14/08/2011,4.33,4.51,4.33,4.42,215438
1JANATAMF,14/08/2012,4.42,4.69,4.33,4.6,974250
1JANATAMF,14/08/2013,4.6,4.69,4.42,4.6,448313
1JANATAMF,14/08/2014,4.87,4.87,4.51,4.78,577688
1JANATAMF,14/08/2018,5.22,5.4,4.6,4.69,2492438
1JANATAMF,14/08/2019,4.69,4.78,4.51,4.51,848250
1JANATAMF,14/08/2020,4.6,4.6,4.42,4.42,852750
1JANATAMF,14/08/2021,4.42,4.6,4.33,4.42,622125
1JANATAMF,14/08/2024,4.42,4.51,4.33,4.33,486000
1JANATAMF,14/08/2025,4.42,4.51,4.33,4.42,756000
1JANATAMF,14/08/2026,4.42,4.51,4.33,4.33,286875
1JANATAMF,14/08/2027,4.42,4.51,4.33,4.42,698625
1JANATAMF,14/08/2028,4.42,4.51,4.33,4.33,401625
1JANATAMF,14/08/1931,4.33,4.51,4.33,4.33,337500
1JANATAMF,14/09/2001,6,6,6,6,0
1JANATAMF,14/09/2002,4.4,4.7,4.3,4.5,561000
1JANATAMF,14/09/2003,4.5,4.6,4.5,4.5,267000
1JANATAMF,14/09/2004,5.5,5.7,5.5,5.6,261000
1JANATAMF,14/09/2007,5.6,5.7,5.5,5.5,305000
1JANATAMF,14/09/2008,5.6,5.6,5.4,5.5,172000
1JANATAMF,14/09/2009,5.6,5.6,5.4,5.4,142500
1JANATAMF,14/09/2010,5.4,5.5,5.4,5.4,319500
1JANATAMF,14/09/2011,5.4,5.4,5.3,5.3,437000
1JANATAMF,14/09/2014,5.3,5.5,5.2,5.4,444000
1JANATAMF,14/09/2015,5.3,5.6,5.3,5.4,191500
1JANATAMF,14/09/2016,5.3,5.4,5.3,5.3,137000
1JANATAMF,14/09/2017,5.3,5.4,5.3,5.3,445000
1JANATAMF,14/09/2018,5.4,5.4,5.2,5.3,461000
1JANATAMF,14/09/2021,5.3,5.4,5.3,5.4,209500
1JANATAMF,14/09/2022,5.4,5.5,5.3,5.3,261500
1JANATAMF,14/09/2023,5.4,5.6,5.3,5.4,538000
1JANATAMF,14/09/2024,5.5,5.6,5.4,5.4,590500
1JANATAMF,14/09/2025,5.5,5.6,5.4,5.4,374000
1JANATAMF,14/09/2028,5.4,5.5,5.3,5.3,476000
1JANATAMF,14/09/2029,5.3,5.5,5.3,5.3,355500
1JANATAMF,14/09/1930,5.3,5.4,5.3,5.3,151000
1JANATAMF,14/10/2001,5.3,5.5,5.3,5.4,632500
1JANATAMF,14/10/2002,5.5,5.6,5.4,5.5,540000
1JANATAMF,14/10/2012,5.6,6,5.5,5.8,1045500
1JANATAMF,14/10/2013,6,6.1,5.7,5.8,546000
1JANATAMF,14/10/2014,6,6,5.7,5.7,427000
1JANATAMF,14/10/2015,5.8,5.9,5.7,5.8,366000
1JANATAMF,14/10/2016,5.9,5.9,5.7,5.7,556000
1JANATAMF,14/10/2019,5.6,5.7,5.6,5.6,221500
1JANATAMF,14/10/2020,5.6,5.7,5.5,5.5,341500
1JANATAMF,14/10/2021,5.4,5.7,5.4,5.5,109000
1JANATAMF,14/10/2022,5.5,5.6,5.4,5.4,189000
1JANATAMF,14/10/2023,5.5,5.5,5.4,5.4,163500
1JANATAMF,14/10/2026,5.4,5.5,5.4,5.4,104500
1JANATAMF,14/10/2027,5.3,5.5,5.3,5.4,57500
1JANATAMF,14/10/2028,5.3,5.5,5.3,5.4,128500
1JANATAMF,14/10/2029,5.4,5.5,5.4,5.5,181500
1JANATAMF,14/10/1930,5.6,5.7,5.5,5.5,322500
1JANATAMF,14/11/2002,5.5,5.6,5.4,5.4,290500
1JANATAMF,14/11/2003,5.5,5.6,5.5,5.5,166000
1JANATAMF,14/11/2005,5.5,5.6,5.5,5.5,86000
1JANATAMF,14/11/2006,5.5,5.6,5.5,5.5,268000
1JANATAMF,14/11/2009,5.5,5.5,5.4,5.4,193500
1JANATAMF,14/11/2010,5.4,5.5,5.4,5.4,101500
1JANATAMF,14/11/2011,5.4,5.5,5.4,5.4,71500
1JANATAMF,14/11/2012,5.4,5.5,5.4,5.4,217000
1JANATAMF,14/11/2013,5.4,5.5,5.4,5.4,213000
1JANATAMF,14/11/2016,5.4,5.4,5.3,5.3,509500
1JANATAMF,14/11/2017,5.3,5.4,5.3,5.3,78000
1JANATAMF,14/11/2018,5.2,5.4,5.2,5.3,93000
1JANATAMF,14/11/2019,5.2,5.5,5.2,5.4,218500
1JANATAMF,14/11/2020,5.4,5.4,5.3,5.3,108500
1JANATAMF,14/11/2023,5.3,5.5,5.3,5.3,101500
1JANATAMF,14/11/2024,5.3,5.3,5.2,5.2,107500
1JANATAMF,14/11/2025,5.2,5.3,5.2,5.2,25500
1JANATAMF,14/11/2026,5.2,5.3,5.1,5.1,233000
1JANATAMF,14/11/2027,5.1,5.2,5.1,5.1,41500
1JANATAMF,14/11/1930,5.3,5.3,5.1,5.2,62500
1JANATAMF,14/12/2001,5.1,5.3,5.1,5.2,39500
1JANATAMF,14/12/2002,5.3,5.3,5.1,5.1,91500
1JANATAMF,14/12/2003,5.1,5.3,5.1,5.2,69000
1JANATAMF,14/12/2004,5.2,5.3,5.1,5.2,139500
1JANATAMF,14/12/2007,5.2,5.3,5.1,5.1,142500
1JANATAMF,14/12/2008,5.2,5.2,5.1,5.2,31000
1JANATAMF,14/12/2009,5.2,5.2,5.1,5.1,48500
1JANATAMF,14/12/2010,5.1,5.2,5.1,5.1,51000
1JANATAMF,14/12/2011,5.1,5.2,5.1,5.1,70021
1JANATAMF,14/12/2014,5,5.2,5,5.1,32447
1JANATAMF,14/12/2015,5.2,5.3,5.1,5.1,40686
1JANATAMF,14/12/2017,5.1,5.2,5,5.1,39171
1JANATAMF,14/12/2018,5,5.2,5,5.2,163762
1JANATAMF,14/12/2021,5.1,5.3,5.1,5.2,97903
1JANATAMF,14/12/2022,5.3,5.3,5,5.2,60035
1JANATAMF,14/12/2023,5.1,5.2,5.1,5.1,55476
1JANATAMF,14/12/2024,5,5.1,5,5.1,68661
1JANATAMF,14/12/2028,5,5.1,5,5.1,149956
1JANATAMF,14/12/2029,5.1,5.2,5.1,5.1,105156
1JANATAMF,14/12/1930,5,5.2,5,5.1,58281
